"","X","title","year","length","imdb.score","votes","mpaa","Genre","BudgetRange"
"1",112,"10 Things I Hate About You",1999,97,6.7,19095,"PG-13","RomanticComedy","Modest"
"2",173,"13 Going On 30",2004,98,6.4,7859,"PG-13","RomanticDrama","BigBudget"
"3",192,"1492: Conquest of Paradise",1992,154,6,3379,"UR","Drama","BigBudget"
"4",197,"15 Minutes",2001,120,6.1,10866,"R","Drama","BigBudget"
"5",276,"200 Cigarettes",1999,101,5.4,4514,"R","Drama","Modest"
"6",291,"2046",2004,129,7.6,2663,"R","RomanticDrama","Modest"
"7",297,"21 Grams",2003,124,8,21857,"R","Drama","Modest"
"8",326,"25th Hour",2002,135,7.8,15788,"R","Drama","Modest"
"9",333,"28 Days",2000,103,6,7465,"PG-13","Drama","BigBudget"
"10",432,"40 Days and 40 Nights",2002,96,5.4,8609,"R","RomanticDrama","Modest"
"11",472,"50 First Dates",2004,99,6.8,13497,"PG-13","RomanticComedy","BigBudget"
"12",483,"54",1998,100,5.4,6905,"R","Drama","Modest"
"13",534,"8 Mile",2002,110,6.8,17900,"R","Drama","BigBudget"
"14",688,"Abandon",2002,99,4.7,2364,"PG-13","Drama","Modest"
"15",762,"About Schmidt",2002,125,7.3,23279,"R","Drama","Modest"
"16",763,"About a Boy",2002,101,7.5,18318,"PG-13","Drama","Modest"
"17",802,"Absolute Power",1997,121,6.4,7995,"R","Drama","BigBudget"
"18",966,"Adaptation.",2002,114,7.9,25140,"R","Drama","Modest"
"19",1079,"Adventures of Huck Finn, The",1993,108,5.9,1134,"UR","Drama","Modest"
"20",1166,"Affliction",1997,114,6.9,3679,"R","Drama","Modest"
"21",1274,"Age of Innocence, The",1993,139,7.1,6049,"UR","RomanticDrama","BigBudget"
"22",1385,"Air Bud",1997,98,4.7,1276,"PG","Drama","Modest"
"23",1530,"Albino Alligator",1996,97,6,2077,"R","Drama","Modest"
"24",1559,"Alexander",2004,175,5.5,11254,"R","Drama","BigBudget"
"25",1575,"Alferd Packer: The Musical",1996,97,7,2298,"R","RomanticComedy","Tiny"
"26",1577,"Alfie",2004,103,6,3492,"R","Drama","BigBudget"
"27",1586,"Ali",2001,165,6.4,9294,"R","Drama","BigBudget"
"28",1623,"Alice",1990,102,6.4,1706,"UR","RomanticDrama","Modest"
"29",1785,"All the Pretty Horses",2000,116,5.6,3133,"PG-13","Drama","BigBudget"
"30",1789,"All the Real Girls",2003,108,6.8,1745,"R","RomanticDrama","Modest"
"31",1884,"Almost Famous",2000,162,8,38648,"R","Drama","BigBudget"
"32",1911,"Along Came Polly",2004,90,5.8,9785,"PG-13","RomanticComedy","BigBudget"
"33",1912,"Along Came a Spider",2001,104,6.1,9456,"R","Drama","Modest"
"34",2098,"America's Sweethearts",2001,102,5.8,11849,"PG-13","RomanticComedy","BigBudget"
"35",2106,"American Beauty",1999,121,8.5,109991,"R","Drama","Modest"
"36",2149,"American History X",1998,119,8.4,59677,"R","Drama","Modest"
"37",2181,"American President, The",1995,114,6.9,11834,"PG-13","RomanticDrama","BigBudget"
"38",2182,"American Psycho",2000,102,6.8,21639,"R","Drama","Modest"
"39",2210,"American Werewolf in Paris, An",1997,105,5,4302,"R","RomanticComedy","Modest"
"40",2252,"Amistad",1997,152,7,10543,"R","Drama","BigBudget"
"41",2321,"Amores perros",2000,153,8.2,15079,"R","Drama","Modest"
"42",2518,"Angel Eyes",2001,102,5.6,4829,"R","RomanticDrama","BigBudget"
"43",2557,"Angela's Ashes",1999,145,6.8,4347,"UR","Drama","Modest"
"44",2702,"Anna and the King",1999,148,6.6,6739,"PG-13","RomanticDrama","BigBudget"
"45",2817,"Antitrust",2001,108,6,7326,"PG-13","Drama","Modest"
"46",2836,"Antwone Fisher",2002,117,7.4,4472,"PG-13","Drama","Modest"
"47",2845,"Any Given Sunday",1999,156,6.4,19531,"R","Drama","BigBudget"
"48",2861,"Anything Else",2003,108,6.5,3678,"R","RomanticComedy","Modest"
"49",2867,"Anywhere But Here",1999,114,5.9,4007,"PG-13","Drama","Modest"
"50",2927,"Apollo 13",1995,140,7.5,41098,"PG","Drama","BigBudget"
"51",2931,"Apostle, The",1997,134,7.2,4231,"PG-13","Drama","Modest"
"52",2988,"Apt Pupil",1998,112,6.4,6728,"R","Drama","Modest"
"53",3124,"Arlington Road",1999,117,7.1,17189,"R","Drama","Modest"
"54",3162,"Around the World in 80 Days",2004,120,5.7,3887,"PG","RomanticComedy","BigBudget"
"55",3231,"Artificial Intelligence: AI",2001,146,6.8,36623,"PG-13","Drama","BigBudget"
"56",3257,"As Good as It Gets",1997,139,7.7,47441,"PG-13","RomanticDrama","BigBudget"
"57",3417,"At First Sight",1999,128,5.7,3441,"PG-13","Drama","BigBudget"
"58",3625,"Auto Focus",2002,105,6.7,3276,"R","Drama","Modest"
"59",3666,"Autumn in New York",2000,103,4.7,3731,"PG-13","RomanticDrama","BigBudget"
"60",3677,"Avalon",2001,106,6.8,2723,"R","Drama","Modest"
"61",3727,"Aviator, The",2004,170,7.5,16217,"PG-13","Drama","BigBudget"
"62",3832,"Babe",1995,89,7.4,16988,"UR","Drama","Modest"
"63",3864,"Baby Boy",2001,130,6.2,1476,"R","RomanticDrama","Modest"
"64",3927,"Bacheha-Ye aseman",1997,89,7.6,1499,"UR","Drama","Tiny"
"65",3940,"Bachelor, The",1999,101,5,4183,"PG-13","RomanticComedy","Modest"
"66",4025,"Bad Boy Bubby",1993,112,7,1033,"UR","Drama","Tiny"
"67",4253,"Bamboozled",2000,135,6.3,2356,"R","Drama","Modest"
"68",4299,"Bandits",2001,123,6.7,12382,"PG-13","RomanticDrama","BigBudget"
"69",4316,"Banger Sisters, The",2002,98,5.6,3189,"R","Drama","Modest"
"70",4396,"Barbershop",2002,102,6.6,4943,"PG-13","Drama","Modest"
"71",4405,"Barcelona",1994,101,6.6,1570,"UR","RomanticDrama","Modest"
"72",4486,"Barton Fink",1991,116,7.5,10223,"UR","Drama","Modest"
"73",4503,"Basic",2003,98,6.2,8370,"R","Drama","BigBudget"
"74",4559,"Batman Forever",1995,122,5.4,24025,"PG-13","RomanticDrama","BigBudget"
"75",4560,"Batman Returns",1992,126,6.5,23010,"UR","RomanticDrama","BigBudget"
"76",4677,"Beach, The",2000,119,5.8,15020,"R","Drama","BigBudget"
"77",4780,"Beautiful Mind, A",2001,135,7.8,43291,"PG-13","Drama","BigBudget"
"78",4884,"Before Sunrise",1995,105,7.8,9618,"UR","RomanticDrama","Modest"
"79",4885,"Before Sunset",2004,80,8.3,8789,"R","RomanticDrama","Modest"
"80",4953,"Being John Malkovich",1999,113,7.9,55079,"UR","Drama","Modest"
"81",4954,"Being Julia",2004,104,7.2,1671,"R","Drama","Modest"
"82",5052,"Belly",1998,96,4.5,1034,"R","Drama","Modest"
"83",5061,"Beloved",1998,172,5.6,1934,"R","Drama","BigBudget"
"84",5212,"Best Laid Plans",1999,92,6.3,1795,"R","Drama","Modest"
"85",5270,"Better Luck Tomorrow",2002,98,7.3,2697,"R","Drama","Tiny"
"86",5358,"Beyond Borders",2003,127,5.4,1905,"R","RomanticDrama","BigBudget"
"87",5371,"Beyond Rangoon",1995,100,6.4,1285,"R","Drama","Modest"
"88",5404,"Beyond the Sea",2004,118,6.7,1051,"PG-13","Drama","Modest"
"89",5447,"Bicentennial Man",1999,132,6.2,8925,"PG","RomanticDrama","BigBudget"
"90",5535,"Big Fish",2003,125,8.1,31525,"PG-13","Drama","BigBudget"
"91",5717,"Billy Elliot",2000,110,7.7,16725,"R","Drama","Modest"
"92",5810,"Birth",2004,100,6,2600,"R","RomanticDrama","Modest"
"93",5818,"Birthday Girl",2001,93,6.1,5340,"R","RomanticDrama","Modest"
"94",6045,"Black and White",1999,98,5.2,1699,"R","Drama","Modest"
"95",6120,"Blast from the Past",1999,112,6.4,9483,"PG-13","RomanticDrama","BigBudget"
"96",6350,"Blood Work",2002,110,6.3,5965,"R","Drama","BigBudget"
"97",6357,"Blood and Wine",1996,101,6,2134,"R","Drama","Modest"
"98",6431,"Bloody Sunday",2002,107,7.6,2388,"R","Drama","Modest"
"99",6444,"Blow",2001,124,7.1,18670,"R","Drama","Modest"
"100",6484,"Blue Crush",2002,104,5.7,4791,"PG-13","RomanticDrama","Modest"
"101",6664,"Body of Evidence",1993,102,4.1,2625,"UR","RomanticDrama","Modest"
"102",6685,"Bogus",1996,110,5,1007,"PG","Drama","BigBudget"
"103",6694,"Boiler Room",2000,118,6.8,8586,"R","Drama","Modest"
"104",6768,"Bon voyage",2003,115,7.2,1061,"PG-13","Drama","Modest"
"105",6779,"Bone Collector, The",1999,118,6.2,17766,"R","Drama","BigBudget"
"106",6790,"Bonfire of the Vanities, The",1990,125,5,4151,"UR","Drama","BigBudget"
"107",6837,"Boogie Nights",1997,156,7.6,27380,"R","Drama","Modest"
"108",6867,"Boomerang",1992,118,5.1,3530,"UR","RomanticComedy","BigBudget"
"109",7024,"Bottle Rocket",1996,92,7.4,7286,"UR","RomanticComedy","Modest"
"110",7057,"Bounce",2000,106,5.8,5390,"PG-13","RomanticDrama","BigBudget"
"111",7061,"Bound",1996,109,7.5,11911,"R","RomanticDrama","Modest"
"112",7104,"Bowling for Columbine",2002,120,8.5,36747,"R","Drama","Modest"
"113",7174,"Boys Don't Cry",1999,118,7.6,14456,"R","Drama","Modest"
"114",7188,"Boys and Girls",2000,94,4.9,3483,"PG-13","RomanticDrama","Modest"
"115",7204,"Boys on the Side",1995,115,6.1,2775,"UR","Drama","Modest"
"116",7211,"Boyz n the Hood",1991,107,7.7,10319,"UR","Drama","Modest"
"117",7229,"Braindead",1992,97,7.5,11552,"UR","RomanticComedy","Modest"
"118",7392,"Bride & Prejudice",2004,122,6.3,1503,"PG-13","RomanticComedy","Modest"
"119",7433,"Bridges of Madison County, The",1995,135,6.9,7633,"PG-13","RomanticDrama","Modest"
"120",7436,"Bridget Jones's Diary",2001,97,7,24791,"R","RomanticComedy","Modest"
"121",7437,"Bridget Jones: The Edge of Reason",2004,108,5.7,6636,"R","RomanticDrama","BigBudget"
"122",7491,"Bringing Out the Dead",1999,121,6.7,13989,"R","Drama","BigBudget"
"123",7553,"Broken Hearts Club: A Romantic Comedy, The",2000,94,6.8,1712,"UR","Drama","Modest"
"124",7580,"Bronx Tale, A",1993,121,7.5,9175,"UR","Drama","Modest"
"125",7620,"Brothers McMullen, The",1995,98,6.4,2325,"R","Drama","Tiny"
"126",7630,"Brown Bunny, The",2003,119,5.1,1045,"UR","Drama","Modest"
"127",7639,"Bruce Almighty",2003,101,6.4,23905,"PG-13","RomanticComedy","BigBudget"
"128",7694,"Bubble Boy",2001,84,5.1,2904,"PG-13","RomanticDrama","Modest"
"129",7760,"Buffalo '66",1998,110,7.2,6652,"R","Drama","Modest"
"130",7770,"Buffalo Soldiers",2001,98,7,3753,"R","Drama","Modest"
"131",7796,"Bugsy",1991,134,6.6,4159,"UR","Drama","BigBudget"
"132",7843,"Bullets Over Broadway",1994,98,7.4,6685,"UR","RomanticComedy","Modest"
"133",7861,"Bulworth",1998,108,6.9,8277,"UR","RomanticDrama","Modest"
"134",8007,"But I'm a Cheerleader",1999,85,6.2,3897,"R","RomanticDrama","Modest"
"135",8027,"Butterfly Effect, The",2004,120,7.6,22975,"R","Drama","Modest"
"136",8106,"CQ",2001,91,6.4,1315,"R","Drama","Modest"
"137",8133,"Cable Guy, The",1996,96,5.5,16266,"PG-13","Drama","BigBudget"
"138",8419,"Can't Hardly Wait",1998,101,6.2,8191,"PG-13","RomanticComedy","Modest"
"139",8463,"Candyman",1992,99,6.3,4735,"UR","Drama","Modest"
"140",8520,"Cape Fear",1991,128,7.1,15585,"R","Drama","BigBudget"
"141",8563,"Captain Corelli's Mandolin",2001,131,5.9,5281,"R","RomanticDrama","BigBudget"
"142",8649,"Carandiru",2003,147,7.7,1608,"R","Drama","Modest"
"143",8933,"Casino",1995,176,7.8,27234,"R","Drama","BigBudget"
"144",8956,"Cast Away",2000,143,7.3,34580,"PG-13","Drama","BigBudget"
"145",9033,"Catch Me If You Can",2002,141,7.6,39915,"PG-13","Drama","BigBudget"
"146",9209,"Central do Brasil",1998,108,7.9,8980,"UR","Drama","Modest"
"147",9260,"Chacun cherche son chat",1996,91,7,1105,"UR","RomanticComedy","Tiny"
"148",9313,"Chamber, The",1996,113,5.7,2540,"R","Drama","BigBudget"
"149",9375,"Changing Lanes",2002,99,6.6,12779,"R","Drama","BigBudget"
"150",9512,"Chasing Amy",1997,111,7.6,32141,"R","RomanticDrama","Tiny"
"151",9520,"Chasing Liberty",2004,111,5.7,1911,"PG-13","RomanticComedy","Modest"
"152",9565,"Cheaper by the Dozen",2003,98,5.8,5977,"PG","Drama","BigBudget"
"153",9694,"Chicago",2002,113,7.5,34933,"PG-13","Drama","BigBudget"
"154",10031,"Chuck&Buck",2000,96,6.6,1919,"R","Drama","Tiny"
"155",10091,"Cidade de Deus",2002,135,8.7,25964,"R","Drama","Modest"
"156",10092,"Cider House Rules, The",1999,126,7.5,18950,"PG-13","RomanticDrama","Modest"
"157",10131,"Cinderella Story, A",2004,95,4.9,2755,"PG","RomanticComedy","Modest"
"158",10212,"Citizen Ruth",1996,102,6.8,1441,"UR","Drama","Modest"
"159",10224,"City Hall",1996,111,6.1,4381,"R","Drama","BigBudget"
"160",10241,"City by the Sea",2002,108,6.3,4886,"R","Drama","BigBudget"
"161",10244,"City of Angels",1998,114,6.2,15333,"PG-13","RomanticDrama","BigBudget"
"162",10269,"Civil Action, A",1998,112,6.4,6847,"PG-13","Drama","BigBudget"
"163",10346,"Clay Pigeons",1998,104,6.4,2658,"R","Drama","Modest"
"164",10374,"Clerks.",1994,92,7.9,39927,"R","Drama","Tiny"
"165",10408,"Clockers",1995,129,6.8,3099,"R","Drama","Modest"
"166",10477,"Clueless",1995,97,6.7,16521,"PG-13","RomanticComedy","Modest"
"167",10539,"Code 46",2003,92,6.4,2094,"R","RomanticDrama","Modest"
"168",10602,"Cold Mountain",2003,152,7.4,15712,"R","RomanticDrama","BigBudget"
"169",10625,"Collateral",2004,120,7.7,24499,"R","Drama","BigBudget"
"170",10668,"Color of Night",1994,133,4.7,4646,"UR","RomanticDrama","BigBudget"
"171",10876,"Company, The",2003,112,6.2,1505,"PG-13","Drama","Modest"
"172",10966,"Confessions of a Dangerous Mind",2002,113,7.1,11487,"R","Drama","Modest"
"173",10984,"Confidence",2003,97,6.8,6168,"R","Drama","Modest"
"174",11047,"Conspiracy Theory",1997,135,6.4,15470,"R","RomanticDrama","BigBudget"
"175",11063,"Contact",1997,153,7.3,36390,"PG","Drama","BigBudget"
"176",11073,"Contender, The",2000,126,6.9,7023,"R","Drama","Modest"
"177",11146,"Cool as Ice",1991,100,2.4,1280,"UR","RomanticDrama","Modest"
"178",11158,"Cop Land",1997,116,6.7,12677,"R","Drama","Modest"
"179",11187,"Copycat",1995,123,6.5,7804,"R","Drama","Modest"
"180",11459,"Coyote Ugly",2000,100,5.4,13221,"R","RomanticDrama","BigBudget"
"181",11491,"Cradle Will Rock",1999,132,6.7,3375,"R","Drama","BigBudget"
"182",11492,"Craft, The",1996,101,5.9,9187,"R","Drama","Modest"
"183",11499,"Crash",2004,113,8.3,1660,"R","Drama","Modest"
"184",11550,"Crazy in Alabama",1999,111,6.1,2086,"PG-13","Drama","Modest"
"185",11553,"Crazy/Beautiful",2001,135,6.5,4503,"PG-13","RomanticDrama","Modest"
"186",11639,"Crimen del padre Amaro, El",2002,118,7,2469,"R","RomanticDrama","Modest"
"187",11705,"Crocodile Dundee in Los Angeles",2001,92,4.7,2698,"PG","Drama","Modest"
"188",11723,"Crooklyn",1994,115,6.2,1112,"UR","Drama","Modest"
"189",11765,"Crossroads",2002,93,3.1,8546,"PG-13","RomanticDrama","Modest"
"190",11787,"Cruel Intentions",1999,97,6.5,25634,"R","RomanticDrama","Modest"
"191",11843,"Cry-Baby",1990,85,6,4136,"UR","RomanticComedy","Modest"
"192",11951,"Curly Sue",1991,101,4.7,2097,"UR","Drama","Modest"
"193",11972,"Curse of the Jade Scorpion, The",2001,103,6.8,5846,"PG-13","Drama","Modest"
"194",12006,"Cutthroat Island",1995,119,5.1,3942,"PG-13","RomanticDrama","BigBudget"
"195",12067,"D-Tox",2002,92,4.7,2742,"R","Drama","BigBudget"
"196",12296,"Dances with Wolves",1990,236,7.8,28561,"UR","Drama","Modest"
"197",12369,"Dangerous Lives of Altar Boys, The",2002,105,7.2,3274,"R","Drama","Modest"
"198",12722,"Days of Thunder",1990,107,5.4,9660,"UR","RomanticDrama","BigBudget"
"199",12795,"Dead Man Walking",1995,122,7.6,16177,"R","Drama","Modest"
"200",12797,"Dead Man's Curve",1998,90,5.7,1241,"R","Drama","Modest"
"201",13135,"Deep End of the Ocean, The",1999,106,5.9,2890,"PG-13","Drama","BigBudget"
"202",13136,"Deep End, The",2001,101,6.8,3524,"R","Drama","Modest"
"203",13138,"Deep Impact",1998,120,5.9,22684,"PG-13","Drama","BigBudget"
"204",13230,"Dellamorte Dellamore",1994,105,7.3,2313,"R","RomanticComedy","Modest"
"205",13645,"Devil's Advocate, The",1997,144,7,26904,"R","Drama","BigBudget"
"206",14006,"Dirty Pretty Things",2002,97,7.6,6274,"R","Drama","Modest"
"207",14116,"Divine Secrets of the Ya-Ya Sisterhood",2002,116,5.5,4288,"PG-13","Drama","Modest"
"208",14408,"Domestic Disturbance",2001,91,5.4,4445,"PG-13","Drama","BigBudget"
"209",14442,"Don Juan DeMarco",1995,97,6.5,6857,"UR","RomanticDrama","Modest"
"210",14501,"Don't Say a Word",2001,113,6.2,10098,"R","Drama","BigBudget"
"211",14578,"Donnie Brasco",1997,127,7.6,20029,"R","Drama","BigBudget"
"212",14579,"Donnie Darko",2001,133,8.3,51961,"R","Drama","Modest"
"213",14609,"Doors, The",1991,140,6.7,10363,"UR","Drama","BigBudget"
"214",14699,"Double Jeopardy",1999,105,5.9,13587,"R","Drama","BigBudget"
"215",14785,"Down to Earth",2001,87,5.1,3720,"PG-13","RomanticComedy","Modest"
"216",14788,"Down to You",2000,91,4.7,3232,"PG-13","RomanticDrama","Modest"
"217",14809,"Dr T and the Women",2000,122,4.8,4776,"R","RomanticDrama","Modest"
"218",14866,"Dracula",1992,128,7.1,19972,"R","RomanticDrama","BigBudget"
"219",14912,"Dragonfly",2002,104,5.8,5431,"PG-13","Drama","BigBudget"
"220",15035,"Drive Me Crazy",1999,91,5.1,2934,"PG-13","RomanticDrama","Modest"
"221",15094,"Drumline",2002,118,5.3,7368,"PG-13","RomanticDrama","Modest"
"222",15216,"Duets",2000,112,5.8,2414,"R","Drama","Modest"
"223",15520,"Ed Wood",1994,127,8,22612,"R","Drama","Modest"
"224",15573,"Edward Scissorhands",1990,105,7.7,27017,"UR","RomanticDrama","Modest"
"225",15711,"Elephant",2003,81,7.3,9203,"R","Drama","Modest"
"226",15744,"Elizabeth",1998,124,7.6,14733,"R","Drama","Modest"
"227",15747,"Ella Enchanted",2004,96,6.5,2502,"PG","RomanticComedy","BigBudget"
"228",15846,"Emma",1996,121,6.9,6431,"PG","RomanticComedy","Modest"
"229",15882,"Emperor's Club, The",2002,109,6.7,3056,"PG-13","Drama","Modest"
"230",15989,"End of Violence, The",1997,122,5.4,1575,"R","Drama","Modest"
"231",15991,"End of the Affair, The",1999,102,7,4808,"R","RomanticDrama","Modest"
"232",16034,"Enemy at the Gates",2001,131,7.3,19169,"R","RomanticDrama","BigBudget"
"233",16081,"English Patient, The",1996,160,7.1,25210,"R","RomanticDrama","Modest"
"234",16101,"Enough",2002,115,4.9,4339,"PG-13","Drama","BigBudget"
"235",16135,"Entrapment",1999,113,6.1,18543,"PG-13","RomanticComedy","BigBudget"
"236",16216,"Erin Brockovich",2000,130,7.3,24301,"R","Drama","BigBudget"
"237",16373,"Espinazo del diablo, El",2001,108,7.4,3474,"R","Drama","Modest"
"238",16424,"Eternal Sunshine of the Spotless Mind",2004,108,8.6,46240,"R","RomanticDrama","Modest"
"239",16483,"Eve's Bayou",1997,109,7.2,2302,"R","Drama","Modest"
"240",16485,"Evelyn",2002,94,7.1,1163,"PG","Drama","Modest"
"241",16488,"Even Cowgirls Get the Blues",1993,99,4,1609,"UR","RomanticDrama","Modest"
"242",16500,"Ever After",1998,121,7,10250,"PG","RomanticDrama","Modest"
"243",16543,"Everyone Says I Love You",1996,101,6.9,7314,"R","RomanticComedy","Modest"
"244",16600,"Evita",1996,134,6.2,8371,"PG","Drama","BigBudget"
"245",16758,"Eye for an Eye",1996,101,5.6,1843,"R","Drama","Modest"
"246",16777,"Eyes Wide Shut",1999,159,7,37868,"R","Drama","BigBudget"
"247",17035,"Family Man, The",2000,125,6.5,11220,"PG-13","RomanticDrama","BigBudget"
"248",17142,"Far and Away",1992,140,6.2,8556,"UR","RomanticDrama","Modest"
"249",17144,"Far from Heaven",2002,107,7.7,9167,"PG-13","RomanticDrama","Modest"
"250",17174,"Fargo",1996,98,8.2,65597,"R","Drama","Modest"
"251",17377,"Fear and Loathing in Las Vegas",1998,118,7.2,21484,"UR","Drama","Modest"
"252",17551,"Festen",1998,105,8.2,11983,"R","Drama","Modest"
"253",17589,"Few Good Men, A",1992,138,7.5,25237,"UR","Drama","BigBudget"
"254",17657,"Fight Club",1999,139,8.5,112092,"R","Drama","BigBudget"
"255",17836,"Finding Forrester",2000,136,7.3,13439,"PG-13","Drama","BigBudget"
"256",17843,"Finding Nemo",2003,100,8.3,41846,"UR","Drama","BigBudget"
"257",17941,"Firm, The",1993,154,6.6,14708,"R","Drama","BigBudget"
"258",17962,"First Knight",1995,134,5.6,8708,"PG-13","RomanticDrama","BigBudget"
"259",18011,"Fisher King, The",1991,137,7.4,11952,"UR","RomanticDrama","Modest"
"260",18158,"Flawless",1999,112,6.1,3287,"R","Drama","Modest"
"261",18498,"For Love of the Game",1999,137,6.1,5782,"PG-13","RomanticDrama","BigBudget"
"262",18634,"Forgotten, The",2004,94,5.8,8234,"PG-13","Drama","BigBudget"
"263",18642,"Forrest Gump",1994,142,8.2,89722,"PG-13","Drama","BigBudget"
"264",18714,"Four Feathers, The",2002,125,6.2,4400,"PG-13","Drama","BigBudget"
"265",18735,"Four Rooms",1995,98,6,10675,"R","Drama","Modest"
"266",18742,"Four Weddings and a Funeral",1994,117,7.2,17820,"R","RomanticDrama","Modest"
"267",18796,"Frailty",2001,100,7.4,10551,"R","Drama","Modest"
"268",18851,"Frankenstein",1994,123,6,6941,"R","Drama","BigBudget"
"269",18923,"Freaky Friday",2003,97,6.9,8052,"PG","Drama","Modest"
"270",18973,"Freeway",1996,102,6.5,4961,"R","Drama","Modest"
"271",19008,"Frequency",2000,118,7.4,15317,"PG-13","Drama","BigBudget"
"272",19029,"Frida",2002,123,7.5,8614,"R","Drama","Modest"
"273",19033,"Friday",1995,91,6.7,7020,"R","Drama","Modest"
"274",19039,"Friday Night Lights",2004,117,7,4290,"PG-13","Drama","Modest"
"275",19135,"From Justin to Kelly",2003,90,1.7,6517,"PG","RomanticComedy","Modest"
"276",19268,"Full Frontal",2002,101,5,3056,"R","RomanticDrama","Modest"
"277",19575,"Gangs of New York",2002,166,7.3,34808,"R","Drama","BigBudget"
"278",19621,"Garden State",2004,109,8.1,23814,"R","RomanticDrama","Modest"
"279",19695,"Gattaca",1997,101,7.6,26071,"PG-13","Drama","BigBudget"
"280",19809,"General's Daughter, The",1999,116,6.1,11128,"R","Drama","BigBudget"
"281",19928,"Geronimo: An American Legend",1993,115,6.2,1233,"UR","Drama","BigBudget"
"282",19930,"Gerry",2002,105,6,1944,"R","Drama","Modest"
"283",19959,"Get Over It",2001,87,5.7,3561,"PG-13","RomanticComedy","Modest"
"284",19963,"Get Shorty",1995,105,7,14825,"R","Drama","BigBudget"
"285",19970,"Get on the Bus",1996,120,6.6,1142,"R","Drama","Modest"
"286",20002,"Gettysburg",1993,259,7.5,5191,"UR","Drama","Modest"
"287",20024,"Ghost",1990,128,6.8,19005,"UR","RomanticDrama","Modest"
"288",20060,"Ghost World",2000,111,7.8,17976,"R","Drama","Modest"
"289",20095,"Ghosts of Mississippi",1996,130,6.4,2268,"UR","Drama","BigBudget"
"290",20139,"Gift, The",2000,111,6.8,12440,"R","Drama","Modest"
"291",20150,"Gigli",2003,121,2.3,11285,"R","RomanticComedy","BigBudget"
"292",20221,"Girl 6",1996,108,5,1453,"R","Drama","Modest"
"293",20302,"Girl, Interrupted",1999,127,7,16362,"R","Drama","Modest"
"294",20445,"Glitter",2001,104,2.1,5209,"PG-13","RomanticDrama","Modest"
"295",20455,"Gloria",1999,108,4.9,1144,"R","Drama","Modest"
"296",20547,"Godfather: Part III, The",1990,169,7.3,22385,"UR","Drama","BigBudget"
"297",20554,"Gods and Monsters",1998,105,7.6,9020,"R","Drama","Modest"
"298",20659,"Golden Bowl, The",2000,130,6,1145,"R","Drama","Modest"
"299",20789,"Good Girl, The",2002,93,6.9,8254,"R","Drama","Modest"
"300",20835,"Good Will Hunting",1997,126,7.8,60858,"R","Drama","Modest"
"301",20873,"Goodfellas",1990,145,8.6,68219,"UR","Drama","Modest"
"302",20939,"Gosford Park",2001,137,7.3,16831,"R","Drama","Modest"
"303",21285,"Green Mile, The",1999,188,8.1,60142,"R","Drama","BigBudget"
"304",21327,"Grey Zone, The",2001,108,7.3,1553,"R","Drama","Modest"
"305",21374,"Groove",2000,86,6,1171,"R","Drama","Tiny"
"306",21382,"Grosse Pointe Blank",1997,107,7.4,20400,"R","RomanticComedy","Modest"
"307",21411,"Grumpier Old Men",1995,101,6.2,3711,"PG-13","RomanticComedy","Modest"
"308",21559,"Gun Shy",2000,101,5.4,1701,"R","RomanticComedy","Modest"
"309",21635,"Guru, The",2002,94,5.9,3505,"R","RomanticComedy","Modest"
"310",21648,"Guy Thing, A",2003,101,5.3,2885,"PG-13","RomanticComedy","Modest"
"311",21865,"Hamlet",1996,242,7.7,10065,"UR","RomanticDrama","Modest"
"312",21936,"Hanging Up",2000,94,4.4,3129,"PG-13","Drama","BigBudget"
"313",21990,"Happiness",1998,134,7.7,11737,"UR","Drama","Modest"
"314",22054,"Hard Ball",2001,109,6,3083,"PG-13","Drama","Modest"
"315",22199,"Hart's War",2002,125,6.2,6368,"R","Drama","BigBudget"
"316",22207,"Harvard Man",2001,99,4.9,1157,"R","RomanticDrama","Modest"
"317",22345,"He Got Game",1998,137,6.6,4198,"R","Drama","Modest"
"318",22374,"Head Over Heels",2001,86,4.9,2632,"PG-13","RomanticComedy","Modest"
"319",22438,"Heartbreakers",2001,110,6.2,8037,"PG-13","RomanticComedy","BigBudget"
"320",22448,"Hearts in Atlantis",2001,101,6.7,6577,"PG-13","Drama","BigBudget"
"321",22478,"Heaven",2002,96,7.3,3857,"R","Drama","Modest"
"322",22500,"Heavenly Creatures",1994,108,7.7,11453,"R","RomanticDrama","Modest"
"323",22528,"Hedwig and the Angry Inch",2001,93,7.7,6072,"R","RomanticDrama","Modest"
"324",22807,"Here on Earth",2000,93,4.8,2187,"PG-13","RomanticDrama","Modest"
"325",22825,"Hero",1992,117,6.2,4705,"UR","Drama","BigBudget"
"326",22958,"Hideous Kinky",1998,98,6.1,1615,"R","Drama","Modest"
"327",22975,"High Crimes",2002,115,6.1,6043,"PG-13","Drama","BigBudget"
"328",22979,"High Fidelity",2000,113,7.6,29704,"R","RomanticDrama","Modest"
"329",23371,"Holes",2003,117,7.2,5235,"PG","Drama","Modest"
"330",23416,"Hollywood Ending",2002,112,6.3,3673,"PG-13","Drama","Modest"
"331",23474,"Holy Man",1998,114,4.9,3497,"PG","Drama","BigBudget"
"332",23509,"Home Fries",1998,91,4.9,2374,"PG-13","RomanticDrama","Modest"
"333",23527,"Home at the End of the World, A",2004,96,6.5,1693,"R","RomanticDrama","Modest"
"334",23614,"Honey",2003,94,3.9,3067,"PG-13","RomanticDrama","Modest"
"335",23723,"Hope Floats",1998,114,5.3,4382,"PG-13","RomanticDrama","Modest"
"336",23781,"Horse Whisperer, The",1998,170,6.4,6744,"PG-13","RomanticDrama","BigBudget"
"337",23951,"Hours, The",2002,114,7.6,16692,"PG-13","Drama","Modest"
"338",24000,"House of Mirth, The",2000,140,6.9,2167,"PG","RomanticDrama","Modest"
"339",24005,"House of Sand and Fog",2003,126,7.8,8164,"R","Drama","Modest"
"340",24018,"House of Yes, The",1997,85,6.5,2345,"R","Drama","Modest"
"341",24028,"House of the Spirits, The",1993,146,6.3,3205,"UR","RomanticDrama","BigBudget"
"342",24040,"House on Turk Street, The",2002,103,5.5,1048,"R","Drama","Modest"
"343",24082,"How Stella Got Her Groove Back",1998,124,5,1475,"R","RomanticDrama","Modest"
"344",24088,"How the Grinch Stole Christmas",2000,104,5.7,12680,"PG","Drama","BigBudget"
"345",24102,"How to Deal",2003,102,5.5,1537,"PG-13","RomanticDrama","Modest"
"346",24118,"How to Lose a Guy in 10 Days",2003,116,6.1,9257,"PG-13","RomanticComedy","BigBudget"
"347",24169,"Hsi yen",1993,106,7.5,2342,"UR","RomanticDrama","Modest"
"348",24212,"Hudsucker Proxy, The",1994,111,7.4,12903,"UR","RomanticComedy","Modest"
"349",24280,"Hunchback of Notre Dame, The",1996,91,6.5,6093,"UR","Drama","BigBudget"
"350",24349,"Hurricane, The",1999,145,7.3,12445,"R","Drama","BigBudget"
"351",24356,"Husbands and Wives",1992,108,7.4,3622,"UR","Drama","Modest"
"352",24413,"I Am Sam",2001,132,7.2,9945,"PG-13","Drama","Modest"
"353",24455,"I Dreamed of Africa",2000,114,5.2,1113,"PG-13","Drama","BigBudget"
"354",24734,"Ice Storm, The",1997,112,7.5,13115,"R","Drama","Modest"
"355",24772,"Ideal Husband, An",1999,97,7,4584,"PG-13","RomanticComedy","Modest"
"356",24779,"Identity",2003,90,7.3,18747,"R","Drama","Modest"
"357",24840,"Igby Goes Down",2002,99,7.1,7958,"R","Drama","Modest"
"358",24992,"Importance of Being Earnest, The",2002,97,6.8,3598,"PG","RomanticDrama","Modest"
"359",25029,"In Crowd, The",2000,104,4,1342,"PG-13","Drama","Modest"
"360",25132,"In the Bedroom",2001,130,7.4,10177,"R","Drama","Modest"
"361",25156,"In the Line of Fire",1993,138,7.3,12923,"UR","Drama","BigBudget"
"362",25264,"Indecent Proposal",1993,117,5.3,7397,"UR","RomanticDrama","BigBudget"
"363",25464,"Insider, The",1999,157,8,28780,"R","Drama","BigBudget"
"364",25474,"Insomnia",2002,118,7.3,22235,"R","Drama","BigBudget"
"365",25494,"Instinct",1999,126,6.1,6298,"R","Drama","BigBudget"
"366",25518,"Intermission",2003,102,6.4,1971,"R","Drama","Modest"
"367",25541,"Interstate 60",2002,116,7.7,2495,"R","Drama","Modest"
"368",25550,"Interview with the Vampire: The Vampire Chronicles",1994,123,7.2,26698,"UR","Drama","BigBudget"
"369",25583,"Intolerable Cruelty",2003,100,6.6,11967,"PG-13","RomanticComedy","BigBudget"
"370",25631,"Invasions barbares, Les",2003,112,7.9,4900,"R","Drama","Modest"
"371",26048,"JFK",1991,206,7.8,26456,"R","Drama","BigBudget"
"372",26057,"Jack",1996,113,5.2,5256,"PG-13","Drama","BigBudget"
"373",26066,"Jack Frost",1998,101,4.5,2130,"PG","Drama","BigBudget"
"374",26102,"Jackie Brown",1997,154,7.5,28891,"R","Drama","Modest"
"375",26116,"Jacob's Ladder",1990,115,7.3,8901,"UR","Drama","Modest"
"376",26175,"Jakob the Liar",1999,120,5.9,2544,"PG-13","Drama","Modest"
"377",26206,"Jane Austen's Mafia!",1998,83,4.8,2999,"UR","Drama","Modest"
"378",26238,"Japanese Story",2003,105,7,1330,"R","Drama","Modest"
"379",26324,"Jeepers Creepers",2001,90,5.4,10973,"R","Drama","Modest"
"380",26383,"Jerry Maguire",1996,139,7.3,34623,"R","RomanticDrama","BigBudget"
"381",26393,"Jersey Girl",2004,102,6.4,6853,"PG-13","Drama","BigBudget"
"382",26420,"Jesus' Son",1999,107,6.9,2291,"R","Drama","Modest"
"383",26593,"Joe Dirt",2001,91,5.1,5514,"PG-13","RomanticComedy","Modest"
"384",26606,"Joe Somebody",2001,98,5.5,1937,"PG","RomanticDrama","BigBudget"
"385",26644,"John Q",2002,116,6.4,8952,"PG-13","Drama","BigBudget"
"386",26997,"Jungle Book, The",1994,111,5.9,1692,"UR","RomanticDrama","Modest"
"387",27004,"Jungle Fever",1991,132,6.4,2829,"UR","RomanticDrama","Modest"
"388",27056,"Juror, The",1996,118,5.3,2920,"R","Drama","BigBudget"
"389",27148,"K-19: The Widowmaker",2002,140,6.6,8292,"PG-13","Drama","BigBudget"
"390",27150,"K-PAX",2001,120,7.2,17235,"PG-13","Drama","BigBudget"
"391",27188,"Kafka",1991,92,6.9,1751,"UR","Drama","Modest"
"392",27272,"Kama Sutra: A Tale of Love",1996,114,5.5,1491,"R","RomanticDrama","Modest"
"393",27335,"Kansas City",1996,116,5.8,1077,"R","Drama","Modest"
"394",27369,"Karakter",1997,122,7.7,2687,"R","Drama","Modest"
"395",27430,"Kate & Leopold",2001,123,6.3,8060,"PG-13","RomanticComedy","BigBudget"
"396",27519,"Keeping the Faith",2000,128,6.8,11351,"PG-13","RomanticDrama","Modest"
"397",27681,"Kid, The",2000,104,6.1,5418,"PG","Drama","BigBudget"
"398",27695,"Kids",1995,91,6.6,9099,"UR","Drama","Modest"
"399",27805,"Killing Me Softly",2002,104,5.4,1771,"R","Drama","Modest"
"400",27909,"King of the Hill",1993,109,7.4,1233,"UR","Drama","Modest"
"401",27966,"Kinsey",2004,118,7.6,3225,"R","Drama","Modest"
"402",28032,"Kiss the Girls",1997,111,6.4,9041,"R","Drama","Modest"
"403",28047,"Kissing Jessica Stein",2001,97,7,4236,"R","RomanticComedy","Modest"
"404",28501,"Kundun",1997,128,7.1,4306,"PG-13","Drama","Modest"
"405",28602,"L.A. Confidential",1997,138,8.4,69600,"UR","Drama","BigBudget"
"406",29061,"Last Orders",2001,109,7.1,1583,"R","Drama","Modest"
"407",29102,"Last Seduction, The",1994,110,7.2,4157,"UR","Drama","Modest"
"408",29165,"Last of the Mohicans, The",1992,117,7.5,15293,"UR","RomanticDrama","BigBudget"
"409",29202,"Latter Days",2003,107,7.3,1396,"R","RomanticDrama","Tiny"
"410",29283,"Lawn Dogs",1997,101,7.5,1856,"R","Drama","Modest"
"411",29288,"Laws of Attraction",2004,90,5.7,2349,"PG-13","RomanticComedy","Modest"
"412",29323,"League of Their Own, A",1992,128,6.9,14318,"UR","Drama","BigBudget"
"413",29353,"Leaving Las Vegas",1995,111,7.5,18027,"R","RomanticDrama","Modest"
"414",29399,"Legend of Bagger Vance, The",2000,126,6.4,7123,"PG-13","RomanticDrama","BigBudget"
"415",29439,"Legends of the Fall",1994,133,6.7,13327,"UR","RomanticDrama","Modest"
"416",29444,"Leggenda del pianista sull'oceano, La",1998,120,7.6,3599,"R","Drama","Modest"
"417",29696,"Levity",2003,100,6.4,1459,"R","Drama","Modest"
"418",29762,"Liberty Stands Still",2002,92,5.6,1560,"R","Drama","Modest"
"419",29819,"Life",1999,108,5.8,4857,"R","Drama","BigBudget"
"420",29823,"Life Aquatic with Steve Zissou, The",2004,118,7.3,9170,"R","Drama","Modest"
"421",29834,"Life Less Ordinary, A",1997,103,6.4,8209,"R","RomanticDrama","Modest"
"422",29852,"Life as a House",2001,127,7.5,7696,"R","Drama","Modest"
"423",29860,"Life of David Gale, The",2003,130,7.1,10580,"R","Drama","BigBudget"
"424",29984,"Lilo & Stitch",2002,86,7.3,10944,"PG","Drama","BigBudget"
"425",29993,"Limbo",1999,126,7.1,2063,"R","Drama","Modest"
"426",29999,"Limey, The",1999,89,7.2,7732,"R","Drama","Modest"
"427",30125,"Little Black Book",2004,111,4.7,1894,"PG-13","RomanticDrama","BigBudget"
"428",30212,"Little Nicky",2000,90,4.9,9485,"PG-13","RomanticComedy","BigBudget"
"429",30217,"Little Odessa",1994,98,6.5,1222,"UR","Drama","Modest"
"430",30322,"Living Out Loud",1998,103,6.5,1774,"R","RomanticDrama","Modest"
"431",30433,"Lolita",1997,137,6.8,5757,"R","RomanticDrama","BigBudget"
"432",30468,"Lone Star",1996,135,7.7,8518,"R","Drama","Modest"
"433",30681,"Loser",2000,92,5.1,5152,"PG-13","RomanticComedy","Modest"
"434",30713,"Lost Highway",1997,135,7.3,15936,"R","Drama","Modest"
"435",30757,"Lost in Translation",2003,102,8,42450,"R","Drama","Modest"
"436",30815,"Love & Basketball",2000,124,6.7,2093,"PG-13","RomanticDrama","Modest"
"437",30887,"Love Letter, The",1999,88,5.2,1258,"PG-13","Drama","Modest"
"438",30894,"Love Liza",2002,90,6.6,1588,"R","Drama","Modest"
"439",30986,"Love's Labour's Lost",2000,93,5.9,1254,"PG","RomanticComedy","Modest"
"440",31015,"Lovely & Amazing",2001,91,6.9,1813,"R","Drama","Tiny"
"441",31205,"Lunes al sol, Los",2002,113,7.8,1466,"R","Drama","Modest"
"442",31424,"Mad City",1997,115,6,3965,"PG-13","Drama","BigBudget"
"443",31491,"Made",2001,94,6.5,4487,"R","Drama","Modest"
"444",31650,"Magnolia",1999,188,8,45992,"R","Drama","BigBudget"
"445",31675,"Maid in Manhattan",2002,105,4.6,12237,"PG-13","RomanticComedy","BigBudget"
"446",31720,"Majestic, The",2001,156,6.7,8649,"PG","RomanticDrama","BigBudget"
"447",31806,"Malcolm X",1992,202,7.5,6873,"UR","Drama","BigBudget"
"448",31846,"Mallrats",1995,94,7.1,22837,"R","Drama","Modest"
"449",31983,"Man Who Wasn't There, The",2001,118,7.7,17028,"R","Drama","Modest"
"450",32009,"Man from Elysian Fields, The",2001,106,6.8,1198,"R","Drama","Modest"
"451",32077,"Man on the Moon",1999,118,7.3,19826,"R","Drama","BigBudget"
"452",32222,"Mannequin: On the Move",1991,95,2.9,1235,"UR","RomanticComedy","Modest"
"453",32276,"Maquinista, El",2004,102,7.7,4322,"R","Drama","Modest"
"454",32542,"Marvin's Room",1996,98,6.5,4005,"PG-13","Drama","Modest"
"455",32548,"Mary Reilly",1996,108,5.5,2806,"R","Drama","BigBudget"
"456",32582,"Mask of Zorro, The",1998,136,6.8,18220,"PG-13","RomanticComedy","BigBudget"
"457",32687,"Matilda",1996,102,6.5,4351,"PG","Drama","BigBudget"
"458",32769,"May",2002,93,6.8,3324,"R","Drama","Modest"
"459",32851,"Mean Creek",2004,89,7.3,2094,"R","Drama","Tiny"
"460",32853,"Mean Girls",2004,97,7,11591,"PG-13","Drama","Modest"
"461",32893,"Medicine Man",1992,106,5.7,4190,"UR","RomanticDrama","BigBudget"
"462",32914,"Meet Joe Black",1998,178,6.6,16796,"PG-13","RomanticDrama","BigBudget"
"463",33034,"Memento",2000,113,8.7,90317,"R","Drama","Modest"
"464",33088,"Men of Honor",2000,129,6.6,9684,"R","Drama","BigBudget"
"465",33097,"Men with Brooms",2002,102,5.9,1096,"R","RomanticDrama","Modest"
"466",33160,"Merchant of Venice, The",2004,138,7.3,1400,"R","Drama","Modest"
"467",33223,"Message in a Bottle",1999,126,5.4,5582,"PG-13","RomanticDrama","Modest"
"468",33273,"Metoroporisu",2001,107,7.3,3380,"PG-13","RomanticDrama","Modest"
"469",33282,"Metropolitan",1990,98,7.1,1379,"UR","Drama","Tiny"
"470",33305,"Mexican, The",2001,123,6,13935,"R","RomanticComedy","BigBudget"
"471",33363,"Michael Collins",1996,133,6.8,5009,"UR","Drama","Modest"
"472",33381,"Mickey Blue Eyes",1999,102,5.8,7247,"PG-13","RomanticComedy","BigBudget"
"473",33441,"Midnight Clear, A",1992,107,7.5,2147,"UR","Drama","Modest"
"474",33476,"Midnight in the Garden of Good and Evil",1997,155,6.4,8517,"R","Drama","Modest"
"475",33605,"Miller's Crossing",1990,115,8,14575,"UR","Drama","Modest"
"476",33609,"Million Dollar Baby",2004,132,8.3,20195,"PG-13","Drama","Modest"
"477",33612,"Million Dollar Hotel, The",2000,122,5.5,4746,"R","Drama","Modest"
"478",33793,"Mirror Has Two Faces, The",1996,122,5.7,2775,"PG-13","RomanticDrama","BigBudget"
"479",33820,"Misery",1990,107,7.5,13120,"UR","Drama","Modest"
"480",33896,"Mission to Mars",2000,113,4.9,15018,"UR","Drama","BigBudget"
"481",34001,"Mo' Better Blues",1990,130,6.1,1408,"UR","Drama","Modest"
"482",34002,"Mo' Money",1992,97,4.9,1109,"UR","RomanticComedy","Modest"
"483",34153,"Mona Lisa Smile",2003,117,6.1,6838,"PG-13","RomanticDrama","BigBudget"
"484",34278,"Monster",2003,109,7.4,12306,"R","Drama","Modest"
"485",34299,"Monster's Ball",2001,112,7.3,15037,"R","RomanticDrama","Modest"
"486",34371,"Moonlight Mile",2002,117,6.9,3479,"PG-13","RomanticDrama","Modest"
"487",34583,"Mother Night",1996,114,7.1,1232,"R","RomanticDrama","Modest"
"488",34626,"Moulin Rouge!",2001,127,7.7,47689,"PG-13","RomanticDrama","BigBudget"
"489",34709,"Mr 3000",2004,104,5.7,1459,"PG-13","Drama","Modest"
"490",34736,"Mr. Deeds",2002,96,5.5,11729,"PG-13","RomanticComedy","BigBudget"
"491",34837,"Mrs. Winterbourne",1996,105,5.8,1310,"PG-13","RomanticComedy","Modest"
"492",34852,"Much Ado About Nothing",1993,111,7.5,12491,"UR","RomanticComedy","Modest"
"493",34926,"Mulholland Dr.",2001,147,7.9,35504,"R","Drama","Modest"
"494",34946,"Mumford",1999,112,6.9,3384,"R","Drama","Modest"
"495",35072,"Muriel's Wedding",1994,106,7.1,6685,"R","RomanticComedy","Modest"
"496",35114,"Music of the Heart",1999,124,6.6,2348,"PG","Drama","Modest"
"497",35128,"Musketeer, The",2001,104,4.4,3966,"PG-13","RomanticDrama","BigBudget"
"498",35195,"My Best Friend's Wedding",1997,105,6.4,16648,"PG-13","RomanticComedy","BigBudget"
"499",35197,"My Big Fat Greek Wedding",2002,95,6.9,21675,"PG","RomanticComedy","Modest"
"500",35208,"My Boss's Daughter",2003,90,4.1,2765,"R","RomanticComedy","Modest"
"501",35243,"My Dog Skip",2000,95,7.1,3109,"PG","Drama","Modest"
"502",35287,"My Girl",1991,102,6.3,5591,"UR","RomanticDrama","Modest"
"503",35334,"My Own Private Idaho",1991,102,6.7,5619,"UR","Drama","Modest"
"504",35434,"Mystery, Alaska",1999,119,6.4,5440,"R","Drama","Modest"
"505",35439,"Mystic River",2003,137,8,28969,"R","Drama","Modest"
"506",35681,"Narc",2002,105,7.3,7185,"R","Drama","Modest"
"507",35764,"Natural Born Killers",1994,122,6.6,25596,"UR","RomanticDrama","BigBudget"
"508",36143,"Newsies",1992,121,5.7,2997,"UR","Drama","Modest"
"509",36147,"Next Best Thing, The",2000,108,4.7,3131,"PG-13","Drama","Modest"
"510",36154,"Next Stop Wonderland",1998,104,6.7,1467,"R","RomanticDrama","Modest"
"511",36220,"Nicholas Nickleby",2002,132,7.4,1651,"PG","Drama","Modest"
"512",36525,"Nil by Mouth",1997,128,6.9,1159,"R","Drama","Modest"
"513",36613,"Nixon",1995,212,6.8,5837,"R","Drama","BigBudget"
"514",36896,"North",1994,87,4.1,2539,"UR","Drama","BigBudget"
"515",36924,"Northfork",2003,103,6.2,1521,"PG-13","Drama","Modest"
"516",36987,"Notebook, The",2004,123,7.8,8830,"PG-13","RomanticDrama","Modest"
"517",37037,"Notting Hill",1999,124,7,27285,"PG-13","RomanticDrama","BigBudget"
"518",37071,"Novocaine",2001,95,5.9,2829,"R","Drama","Modest"
"519",37136,"Nueve reinas",2000,114,7.6,3721,"R","Drama","Modest"
"520",37194,"Nurse Betty",2000,110,6.6,10441,"R","RomanticDrama","Modest"
"521",37216,"Nutty Professor, The",1996,95,5.8,12273,"PG-13","RomanticComedy","BigBudget"
"522",37228,"O",2001,95,6.3,4555,"R","RomanticDrama","Modest"
"523",37274,"Object of My Affection, The",1998,111,6,4027,"R","RomanticDrama","Modest"
"524",37776,"On the Line",2001,85,4.1,1013,"PG","RomanticComedy","Modest"
"525",37869,"One Eight Seven",1997,119,6.3,2958,"R","Drama","Modest"
"526",37891,"One Hour Photo",2002,96,7.1,17130,"R","Drama","Modest"
"527",37930,"One Night Stand",1997,102,5.7,1709,"R","Drama","Modest"
"528",37964,"One True Thing",1998,127,7,2534,"R","Drama","Modest"
"529",37996,"Onegin",1999,106,6.3,1327,"R","RomanticDrama","Modest"
"530",38061,"Open Range",2003,139,7.5,8799,"R","Drama","Modest"
"531",38066,"Open Water",2003,79,6.1,7204,"R","Drama","Tiny"
"532",38155,"Orange County",2002,82,6.1,8526,"PG-13","Drama","Modest"
"533",38219,"Original Sin",2001,116,5.5,4592,"R","RomanticDrama","Modest"
"534",38231,"Orlando",1992,95,6.8,1942,"UR","RomanticDrama","Modest"
"535",38262,"Osama",2003,83,7.5,1546,"PG-13","Drama","Tiny"
"536",38322,"Othello",1995,123,6.8,1852,"R","Drama","Modest"
"537",38349,"Others, The",2001,104,7.8,36914,"PG-13","Drama","Modest"
"538",38473,"Out of Sight",1998,123,7.3,18776,"UR","RomanticDrama","BigBudget"
"539",38505,"Outbreak",1995,127,6.4,13796,"R","Drama","BigBudget"
"540",38547,"Outside Providence",1999,96,6.1,2735,"R","RomanticDrama","Modest"
"541",38588,"Overnight Delivery",1998,87,5.9,1229,"PG-13","RomanticComedy","Modest"
"542",38605,"Owning Mahowny",2003,104,7,1999,"R","Drama","Modest"
"543",38849,"Panic",2000,88,6.9,2524,"R","Drama","Modest"
"544",38852,"Panic Room",2002,113,7,24302,"R","Drama","BigBudget"
"545",38903,"Paparazzi",2004,84,5.6,2028,"PG-13","Drama","Modest"
"546",39144,"Party Monster",2003,98,5.8,1976,"R","Drama","Modest"
"547",39243,"Passion of the Christ, The",2004,127,7.4,34046,"R","Drama","Modest"
"548",39282,"Patch Adams",1998,115,6.1,12110,"PG-13","Drama","BigBudget"
"549",39370,"Pay It Forward",2000,123,6.7,13531,"PG-13","RomanticDrama","BigBudget"
"550",39408,"Pearl Harbor",2001,184,5.4,33409,"R","RomanticDrama","BigBudget"
"551",39851,"Phantom of the Opera, The",2004,143,7.2,11283,"PG-13","RomanticDrama","BigBudget"
"552",39873,"Phenomenon",1996,123,6.3,12075,"PG","RomanticDrama","BigBudget"
"553",39878,"Philadelphia",1993,125,7.5,17861,"UR","Drama","Modest"
"554",39925,"Pianist, The",2002,150,8.5,30467,"R","Drama","BigBudget"
"555",39929,"Piano, The",1993,121,7.4,12394,"UR","RomanticDrama","Modest"
"556",39982,"Picture Perfect",1997,105,5.6,3019,"PG-13","RomanticComedy","Modest"
"557",40001,"Pieces of April",2003,80,7.3,4604,"PG-13","Drama","Tiny"
"558",40373,"Play It to the Bone",1999,124,5.1,2645,"R","Drama","Modest"
"559",40406,"Playing by Heart",1998,121,7.1,4958,"R","RomanticDrama","Modest"
"560",40421,"Pleasantville",1998,124,7.5,22561,"PG-13","Drama","BigBudget"
"561",40447,"Pledge, The",2001,123,6.9,9852,"R","Drama","BigBudget"
"562",40524,"Pocahontas",1995,81,5.7,6498,"UR","RomanticDrama","BigBudget"
"563",40551,"Poetic Justice",1993,109,5,1207,"UR","RomanticDrama","Modest"
"564",40579,"Poison Ivy",1992,93,5,2436,"UR","Drama","Modest"
"565",40649,"Pollock",2000,132,7.1,4013,"R","Drama","Modest"
"566",40694,"Poolhall Junkies",2002,94,6.6,1411,"R","Drama","Modest"
"567",40916,"Postino, Il",1994,108,7.6,8342,"PG","RomanticDrama","Modest"
"568",41014,"Practical Magic",1998,103,5.4,7786,"PG-13","RomanticDrama","BigBudget"
"569",41153,"Pretty Woman",1990,125,6.6,23316,"UR","RomanticComedy","Modest"
"570",41205,"Primal Fear",1996,129,7.5,12467,"R","Drama","Modest"
"571",41208,"Primary Colors",1998,143,6.8,7756,"R","Drama","BigBudget"
"572",41224,"Primer",2004,77,6.4,1466,"PG-13","Drama","Tiny"
"573",41256,"Prince of Egypt, The",1998,99,6.9,9212,"PG","Drama","BigBudget"
"574",41264,"Prince of Tides, The",1991,132,6.3,3095,"UR","RomanticDrama","Modest"
"575",41276,"Princess Diaries 2: Royal Engagement, The",2004,115,5.3,2605,"UR","RomanticComedy","BigBudget"
"576",41362,"Private Parts",1997,109,6.6,9289,"R","Drama","Modest"
"577",41662,"Pulp Fiction",1994,168,8.8,132745,"R","Drama","Modest"
"578",41680,"Punch-Drunk Love",2002,95,7.5,18169,"R","RomanticDrama","Modest"
"579",41767,"Pushing Tin",1999,119,5.9,7528,"R","Drama","BigBudget"
"580",42005,"Quiet American, The",2002,101,7.4,5957,"R","RomanticDrama","Modest"
"581",42021,"Quigley Down Under",1990,119,6.2,2315,"UR","Drama","Modest"
"582",42080,"Rabbit-Proof Fence",2002,94,7.7,5079,"PG","Drama","Modest"
"583",42133,"Radio",2003,109,6.9,3594,"PG","Drama","BigBudget"
"584",42138,"Radio Flyer",1992,114,6.4,2447,"UR","Drama","BigBudget"
"585",42276,"Rainmaker, The",1997,135,6.8,8620,"PG-13","Drama","BigBudget"
"586",42283,"Raise Your Voice",2004,103,4.3,1626,"PG","RomanticDrama","Modest"
"587",42290,"Raising Victor Vargas",2002,88,6.7,1785,"R","RomanticDrama","Tiny"
"588",42347,"Random Hearts",1999,133,4.8,5919,"R","RomanticDrama","BigBudget"
"589",42463,"Ravenous",1999,108,6.7,5915,"R","Drama","Modest"
"590",42542,"Real Women Have Curves",2002,87,7,1944,"PG-13","Drama","Modest"
"591",42824,"Remains of the Day, The",1993,134,7.8,10310,"UR","RomanticDrama","Modest"
"592",42841,"Remember the Titans",2000,113,7.4,14195,"PG","Drama","Modest"
"593",42865,"Renaissance Man",1994,128,5.7,3196,"UR","Drama","BigBudget"
"594",42949,"Requiem for a Dream",2000,102,8.4,47845,"R","Drama","Modest"
"595",42997,"Restoration",1995,117,6.6,1874,"R","Drama","Modest"
"596",43090,"Return to Me",2000,115,6.9,5057,"PG","RomanticDrama","Modest"
"597",43309,"Riding in Cars with Boys",2001,132,6.2,4627,"PG-13","Drama","BigBudget"
"598",43374,"Ring, The",2002,115,7.4,30687,"PG-13","Drama","BigBudget"
"599",43420,"Ripley's Game",2002,112,6.6,2680,"R","Drama","Modest"
"600",43544,"Road to Perdition",2002,117,7.7,30526,"R","Drama","BigBudget"
"601",43587,"Rob Roy",1995,133,6.8,6652,"R","RomanticDrama","Modest"
"602",43623,"Robin Hood: Prince of Thieves",1991,155,6.5,20286,"UR","RomanticDrama","BigBudget"
"603",43673,"Rock Star",2001,105,5.8,5100,"R","Drama","BigBudget"
"604",43750,"Rogue Trader",1999,101,6.1,1379,"UR","Drama","Modest"
"605",43848,"Romeo + Juliet",1996,120,6.7,22306,"PG-13","RomanticDrama","Modest"
"606",43892,"Rookie, The",2002,127,7.2,5135,"UR","Drama","Modest"
"607",44035,"Rounders",1998,121,7.2,13621,"R","Drama","Modest"
"608",44076,"Royal Tenenbaums, The",2001,111,7.6,31227,"R","Drama","Modest"
"609",44133,"Rules of Attraction, The",2002,110,6.7,8552,"R","RomanticDrama","Modest"
"610",44134,"Rules of Engagement",2000,128,6.3,7903,"R","Drama","BigBudget"
"611",44182,"Runaway Bride",1999,116,5.4,12624,"PG","RomanticComedy","BigBudget"
"612",44188,"Runaway Jury",2003,127,7.1,10761,"PG-13","Drama","BigBudget"
"613",44258,"Rushmore",1998,93,7.7,22209,"R","RomanticDrama","Modest"
"614",44364,"Sabrina",1995,127,6.1,7547,"PG","RomanticDrama","BigBudget"
"615",44486,"Saint, The",1997,116,5.7,12591,"PG-13","RomanticDrama","BigBudget"
"616",44554,"Salton Sea, The",2002,107,7.2,5070,"R","Drama","Modest"
"617",44747,"Santa Clause 2, The",2002,105,5.8,2616,"UR","RomanticComedy","BigBudget"
"618",44939,"Save the Last Dance",2001,112,6.1,7613,"PG-13","RomanticDrama","Modest"
"619",44944,"Saved!",2004,92,7.1,6504,"PG-13","Drama","Modest"
"620",44951,"Saving Silverman",2001,96,5.4,6684,"R","RomanticComedy","Modest"
"621",44953,"Savior",1998,104,7.2,1775,"R","Drama","Modest"
"622",44963,"Say It Isn't So",2001,93,4.6,3144,"R","RomanticComedy","Modest"
"623",45049,"Scarlet Letter, The",1995,135,4.4,2426,"R","RomanticDrama","BigBudget"
"624",45127,"Schindler's List",1993,195,8.8,97667,"R","Drama","Modest"
"625",45215,"Score, The",2001,124,6.8,16106,"R","Drama","BigBudget"
"626",45331,"Se7en",1995,127,8.4,88371,"R","Drama","Modest"
"627",45362,"Seabiscuit",2003,141,7.5,11552,"PG-13","Drama","BigBudget"
"628",45448,"Secondhand Lions",2003,120,7.4,5543,"PG","Drama","Modest"
"629",45517,"Secret Window",2004,96,6.3,13260,"PG-13","Drama","BigBudget"
"630",45551,"Secrets & Lies",1996,136,7.9,7747,"R","Drama","Modest"
"631",45654,"Selena",1997,127,6.1,2870,"PG","Drama","Modest"
"632",45728,"Sense and Sensibility",1995,136,7.7,13904,"PG","RomanticDrama","Modest"
"633",45793,"Serendipity",2001,90,6.6,10795,"PG-13","RomanticComedy","Modest"
"634",45839,"Serving Sara",2002,99,4.6,2990,"PG-13","RomanticComedy","Modest"
"635",45845,"Session 9",2001,97,6.6,3718,"R","Drama","Modest"
"636",45939,"Seven Years in Tibet",1997,139,6.6,9426,"PG-13","Drama","BigBudget"
"637",46073,"Shade",2003,101,6.5,1616,"R","Drama","Modest"
"638",46117,"Shadow of the Vampire",2000,87,6.8,8366,"UR","Drama","Modest"
"639",46133,"Shadows and Fog",1992,85,6.3,2303,"UR","Drama","Modest"
"640",46164,"Shakespeare in Love",1998,122,7.5,41999,"R","RomanticDrama","Modest"
"641",46178,"Shall We Dance",2004,106,6,3479,"PG-13","RomanticDrama","BigBudget"
"642",46181,"Shallow Grave",1994,93,7.4,9401,"R","Drama","Modest"
"643",46183,"Shallow Hal",2001,113,6.1,13217,"PG-13","RomanticDrama","BigBudget"
"644",46235,"Shape of Things, The",2003,96,6.9,1816,"R","Drama","Modest"
"645",46263,"Shattered Glass",2003,95,7.5,4108,"PG-13","Drama","Modest"
"646",46269,"Shawshank Redemption, The",1994,142,9.1,149494,"R","Drama","Modest"
"647",46313,"She's All That",1999,95,5.5,13070,"PG-13","RomanticComedy","Modest"
"648",46322,"She's So Lovely",1997,100,5.7,2280,"R","RomanticDrama","Modest"
"649",46325,"She's the One",1996,96,6,3779,"R","RomanticComedy","Modest"
"650",46435,"Shine",1996,105,7.6,12425,"PG-13","RomanticDrama","Modest"
"651",46465,"Shipping News, The",2001,111,6.9,7695,"R","RomanticDrama","BigBudget"
"652",46554,"Shooting Fish",1997,103,6.6,2701,"PG","RomanticComedy","Modest"
"653",46648,"Shrek",2001,90,8,65146,"PG","RomanticComedy","BigBudget"
"654",46717,"Sibirskiy tsiryulnik",1998,275,7.1,1254,"UR","RomanticDrama","BigBudget"
"655",46745,"Sidewalks of New York",2001,108,6.5,1998,"R","RomanticComedy","Modest"
"656",46746,"Sideways",2004,123,8,17051,"R","Drama","Modest"
"657",46826,"Signs",2002,108,7.1,40285,"PG-13","Drama","BigBudget"
"658",46952,"Simon Birch",1998,113,6.8,4612,"PG","Drama","Modest"
"659",46967,"Simple Plan, A",1998,121,7.6,15398,"R","Drama","Modest"
"660",46974,"Simply Irresistible",1999,94,4.7,3083,"PG-13","RomanticComedy","Modest"
"661",47038,"Singing Detective, The",2003,109,5.3,1184,"R","Drama","Modest"
"662",47158,"Six Days Seven Nights",1998,101,5.6,11112,"UR","RomanticComedy","BigBudget"
"663",47185,"Sixth Sense, The",1999,107,8.2,96987,"PG-13","Drama","BigBudget"
"664",47279,"Skulls, The",2000,106,5.3,6530,"PG-13","Drama","Modest"
"665",47321,"Slacker",1991,97,6.7,2108,"UR","Drama","Tiny"
"666",47393,"Sleepers",1996,147,7,17896,"R","Drama","BigBudget"
"667",47412,"Sleepless in Seattle",1993,105,6.7,19224,"UR","RomanticDrama","Modest"
"668",47494,"Slums of Beverly Hills",1998,92,6.4,2914,"R","Drama","Modest"
"669",47517,"Small Time Crooks",2000,94,6.5,6218,"PG","RomanticComedy","Modest"
"670",47581,"Smoke",1995,112,7.4,8111,"R","Drama","Modest"
"671",47584,"Smoke Signals",1998,88,7.2,2665,"PG-13","Drama","Modest"
"672",47666,"Snow Day",2000,89,4.6,1645,"PG","RomanticComedy","Modest"
"673",47670,"Snow Falling on Cedars",1999,127,6.7,4536,"PG-13","Drama","BigBudget"
"674",47845,"Solaris",2002,99,6.3,11808,"PG-13","RomanticDrama","BigBudget"
"675",47972,"Someone Like You...",2001,97,5.7,4249,"PG-13","RomanticComedy","Modest"
"676",48214,"Soul Food",1997,114,6.5,1166,"R","Drama","Modest"
"677",48342,"Space Cowboys",2000,130,6.4,11887,"UR","Drama","BigBudget"
"678",48380,"Spanglish",2004,130,6.7,4698,"PG-13","RomanticDrama","BigBudget"
"679",48397,"Spanking the Monkey",1994,100,6.5,1352,"UR","Drama","Tiny"
"680",48467,"Speed 2: Cruise Control",1997,121,3.3,13268,"PG-13","RomanticDrama","BigBudget"
"681",48508,"Spider",2002,94,6.8,5193,"R","Drama","Modest"
"682",48593,"Spitfire Grill, The",1996,117,6.7,2245,"UR","Drama","Modest"
"683",48685,"Spun",2002,106,6.2,3924,"R","Drama","Modest"
"684",48902,"Star Trek: Insurrection",1998,103,6.3,13395,"PG","RomanticDrama","BigBudget"
"685",49009,"Station Agent, The",2003,88,8.1,7112,"R","Drama","Tiny"
"686",49038,"Stealing Harvard",2002,82,4.7,2547,"PG-13","Drama","Modest"
"687",49107,"Stepford Wives, The",2004,93,5.3,7773,"PG-13","Drama","BigBudget"
"688",49110,"Stepmom",1998,124,6.1,7470,"PG-13","Drama","BigBudget"
"689",49151,"Stigmata",1999,103,6,14062,"R","Drama","BigBudget"
"690",49317,"Story of Us, The",1999,95,5.6,4953,"R","RomanticDrama","BigBudget"
"691",49348,"Straight Story, The",1999,112,8.1,14679,"UR","Drama","Modest"
"692",49586,"Striptease",1996,117,3.8,7998,"R","Drama","BigBudget"
"693",49799,"Suicide Kings",1997,106,7,6117,"R","Drama","Modest"
"694",49830,"Summer Catch",2001,105,4.5,2581,"PG-13","RomanticComedy","Modest"
"695",49857,"Summer of Sam",1999,142,6.5,8151,"R","RomanticDrama","Modest"
"696",49945,"Sunshine State",2002,141,7,1481,"PG-13","Drama","Modest"
"697",50111,"Surviving Picasso",1996,125,6.1,1139,"R","RomanticDrama","Modest"
"698",50136,"Suspect Zero",2004,99,5.7,1310,"R","Drama","Modest"
"699",50269,"Sweet Home Alabama",2002,108,5.8,9943,"PG-13","RomanticDrama","BigBudget"
"700",50285,"Sweet November",2001,115,5.5,5458,"PG-13","RomanticDrama","BigBudget"
"701",50309,"Sweetest Thing, The",2002,90,4.7,8284,"R","RomanticComedy","BigBudget"
"702",50319,"Swept Away",2002,89,3.8,2113,"R","RomanticComedy","Modest"
"703",50325,"Swimfan",2002,85,4.5,3863,"PG-13","Drama","Modest"
"704",50333,"Swimming with Sharks",1994,101,7.1,4837,"R","Drama","Tiny"
"705",50356,"Swingers",1996,96,7.6,15827,"R","Drama","Tiny"
"706",50364,"Swiri",1999,125,6.6,1704,"R","RomanticDrama","Modest"
"707",50521,"Tadpole",2002,78,6.3,1769,"PG-13","RomanticDrama","Tiny"
"708",50554,"Tailor of Panama, The",2001,109,6.1,5997,"R","Drama","Modest"
"709",50652,"Talented Mr. Ripley, The",1999,139,7,25974,"R","Drama","BigBudget"
"710",50983,"Tea with Mussolini",1999,117,6.7,2711,"PG","Drama","Modest"
"711",51241,"Terminal, The",2004,128,7.1,15809,"PG-13","RomanticDrama","BigBudget"
"712",51488,"That Thing You Do!",1996,108,6.6,11701,"UR","Drama","Modest"
"713",51575,"There's Something About Mary",1998,134,7.2,46343,"R","RomanticComedy","Modest"
"714",51685,"Thing Called Love, The",1993,116,6,1217,"UR","RomanticDrama","Modest"
"715",51698,"Things to Do in Denver When You're Dead",1995,115,6.6,5703,"R","RomanticDrama","Modest"
"716",51724,"Thirteen",2003,100,7.1,8652,"R","Drama","Modest"
"717",51725,"Thirteen Conversations About One Thing",2001,104,7.2,2883,"R","Drama","Modest"
"718",51726,"Thirteen Days",2000,145,7.4,10926,"PG-13","Drama","BigBudget"
"719",51808,"Thomas Crown Affair, The",1999,113,6.7,17220,"R","RomanticComedy","BigBudget"
"720",51970,"Three to Tango",1999,98,6,5719,"PG-13","RomanticComedy","Modest"
"721",52254,"Time to Kill, A",1996,149,6.9,15577,"R","Drama","BigBudget"
"722",52264,"Timecode",2000,97,6.2,2320,"R","Drama","Modest"
"723",52289,"Tin Cup",1996,135,6.2,7521,"R","RomanticDrama","BigBudget"
"724",52348,"Titanic",1997,194,6.9,90195,"PG-13","RomanticDrama","BigBudget"
"725",52387,"To Die For",1995,110,6.7,7737,"UR","Drama","Modest"
"726",52974,"Traffic",2000,147,7.8,41268,"R","Drama","BigBudget"
"727",53024,"Training Day",2001,120,7.3,22776,"R","Drama","BigBudget"
"728",53027,"Trainspotting",1996,94,8,51887,"R","Drama","Modest"
"729",53152,"Treasure Planet",2002,95,6.6,3724,"PG","Drama","BigBudget"
"730",53185,"Trees Lounge",1996,95,7.1,3155,"R","Drama","Modest"
"731",53379,"Tromeo and Juliet",1996,108,5.8,1030,"R","Drama","Tiny"
"732",53437,"Troy",2004,162,7.1,33979,"R","RomanticDrama","BigBudget"
"733",53465,"True Lies",1994,141,7,31011,"UR","RomanticComedy","BigBudget"
"734",53469,"True Romance",1993,121,7.7,25896,"UR","RomanticDrama","Modest"
"735",53482,"Truman Show, The",1998,103,7.7,62434,"PG","Drama","BigBudget"
"736",53550,"Tuck Everlasting",2002,96,6.5,2055,"PG","RomanticDrama","Modest"
"737",53594,"Tumbleweeds",1999,102,6.9,1146,"PG-13","Drama","Tiny"
"738",53713,"Twelve Monkeys",1995,129,7.9,62301,"R","Drama","Modest"
"739",53753,"Twin Falls Idaho",1999,111,7.1,1547,"R","Drama","Tiny"
"740",53755,"Twin Peaks: Fire Walk with Me",1992,135,6.5,6927,"R","Drama","Modest"
"741",53758,"Twin Town",1997,99,6.1,1172,"UR","Drama","Modest"
"742",53862,"Two Weeks Notice",2002,101,5.8,15010,"PG-13","RomanticComedy","BigBudget"
"743",53919,"U Turn",1997,125,6.5,10306,"R","Drama","Modest"
"744",53988,"Ulee's Gold",1997,113,7.1,2368,"UR","Drama","Modest"
"745",54171,"Unbreakable",2000,106,7.1,35842,"PG-13","Drama","BigBudget"
"746",54237,"Under Suspicion",2000,111,6.4,3718,"R","Drama","Modest"
"747",54258,"Under the Tuscan Sun",2003,113,6.7,4183,"PG-13","RomanticDrama","Modest"
"748",54371,"Unfaithful",2002,125,6.6,8713,"R","Drama","BigBudget"
"749",54551,"Up Close & Personal",1996,124,5.7,3201,"PG-13","RomanticDrama","BigBudget"
"750",54627,"Urbania",2000,106,6.9,1089,"R","Drama","Tiny"
"751",54680,"Utomlyonnye solntsem",1994,132,7.6,2173,"R","Drama","Modest"
"752",54866,"Vampire in Brooklyn",1995,100,4.4,2716,"R","RomanticComedy","Modest"
"753",54907,"Vanilla Sky",2001,136,6.9,31250,"R","RomanticDrama","BigBudget"
"754",54922,"Vanity Fair",2004,141,6.1,2151,"PG-13","RomanticDrama","Modest"
"755",54941,"Varsity Blues",1999,100,6,7974,"R","Drama","Modest"
"756",54957,"Vatel",2000,125,6.4,1322,"PG-13","RomanticDrama","BigBudget"
"757",55137,"Veronica Guerin",2003,92,6.8,2688,"R","Drama","Modest"
"758",55405,"Village, The",2004,108,6.6,25729,"PG-13","Drama","BigBudget"
"759",55474,"Violon rouge, Le",1998,140,7.8,6995,"R","RomanticDrama","Modest"
"760",55491,"Virgin Suicides, The",1999,90,7.2,17524,"R","Drama","Modest"
"761",55920,"Waiting to Exhale",1995,127,5.1,1611,"R","Drama","Modest"
"762",55953,"Walk in the Clouds, A",1995,102,6.2,4085,"PG-13","RomanticDrama","Modest"
"763",55958,"Walk on the Moon, A",1999,105,6.6,1815,"R","RomanticDrama","Modest"
"764",55963,"Walk to Remember, A",2002,101,6.8,7124,"PG","RomanticDrama","Modest"
"765",56264,"We Don't Live Here Anymore",2004,101,6.1,1387,"R","Drama","Modest"
"766",56327,"Wedding Planner, The",2001,103,4.9,7393,"PG-13","RomanticComedy","BigBudget"
"767",56411,"Welcome to Sarajevo",1997,103,6.8,1465,"R","Drama","Modest"
"768",56415,"Welcome to the Dollhouse",1995,88,7.4,5851,"R","Drama","Tiny"
"769",56544,"What Dreams May Come",1998,113,6.3,11706,"PG-13","RomanticDrama","BigBudget"
"770",56561,"What Lies Beneath",2000,130,6.6,20584,"PG-13","Drama","BigBudget"
"771",56579,"What Women Want",2000,127,6.4,20138,"PG-13","RomanticComedy","BigBudget"
"772",56584,"What a Girl Wants",2003,105,5.7,3533,"PG","RomanticDrama","Modest"
"773",56600,"What's Eating Gilbert Grape",1993,118,7.6,16345,"UR","Drama","Modest"
"774",56628,"Whatever It Takes",2000,94,5.2,1771,"PG-13","RomanticDrama","Modest"
"775",56734,"Where the Heart Is",2000,120,6.4,5042,"PG-13","RomanticDrama","Modest"
"776",56736,"Where the Money Is",2000,89,6.2,1461,"PG-13","Drama","Modest"
"777",56760,"While You Were Sleeping",1995,103,6.5,13035,"PG","RomanticComedy","Modest"
"778",56765,"Whipped",2000,82,4.4,1562,"R","RomanticComedy","Modest"
"779",56848,"White Oleander",2002,109,6.9,4545,"PG-13","Drama","Modest"
"780",56865,"White Squall",1996,129,6.4,3445,"PG-13","Drama","BigBudget"
"781",56998,"Wicker Park",2004,114,6.4,3143,"PG-13","RomanticDrama","Modest"
"782",57136,"Wild at Heart",1990,124,7,9549,"UR","RomanticDrama","Modest"
"783",57147,"Wilde",1997,118,6.9,2545,"R","Drama","Modest"
"784",57176,"Willard",2003,100,6.2,2913,"PG-13","Drama","Modest"
"785",57196,"Wimbledon",2004,98,6.3,4297,"PG-13","RomanticDrama","BigBudget"
"786",57199,"Win a Date with Tad Hamilton!",2004,95,5.8,2933,"PG-13","RomanticComedy","Modest"
"787",57404,"Without Limits",1998,117,6.8,1249,"PG-13","Drama","Modest"
"788",57452,"Wo hu cang long",2000,120,8.2,52198,"PG-13","RomanticDrama","Modest"
"789",57463,"Wolf",1994,125,5.9,7192,"UR","RomanticDrama","BigBudget"
"790",57528,"Woman on Top",2000,92,5.3,2094,"R","RomanticComedy","Modest"
"791",57564,"Wonder Boys",2000,111,7.6,15668,"R","Drama","BigBudget"
"792",57594,"Wood, The",1999,102,6.2,1170,"R","RomanticDrama","Modest"
"793",57916,"Yards, The",2000,115,6.3,3386,"R","Drama","Modest"
"794",58112,"You Can Count on Me",2000,111,7.8,7630,"R","Drama","Modest"
"795",58130,"You Got Served",2004,95,1.9,6041,"PG-13","Drama","Modest"
"796",58184,"You've Got Mail",1998,119,6.2,20053,"PG","RomanticComedy","BigBudget"
"797",58281,"Your Friends & Neighbors",1998,100,6.4,2659,"R","Drama","Modest"
"798",58328,"Yume",1990,119,7.5,2735,"UR","Drama","Modest"
